App\Entity\Translations\GalleryHasMediaTranslation,,,
object,locale,field,content
@galleryHasMedia1,en,title,No translation for this title
@galleryHasMedia1,en,description,No translation for this text
@galleryHasMedia2,en,title,No translation for this title
@galleryHasMedia2,en,description,No translation for this text
@galleryHasMedia3,en,title,No translation for this title
@galleryHasMedia3,en,description,No translation for this text
@galleryHasMedia4,en,title,No translation for this title
@galleryHasMedia4,en,description,No translation for this text
@galleryHasMedia5,en,title,No translation for this title
@galleryHasMedia5,en,description,No translation for this text
@galleryHasMedia6,en,title,No translation for this title
@galleryHasMedia6,en,description,No translation for this text
@galleryHasMedia7,en,title,No translation for this title
@galleryHasMedia7,en,description,No translation for this text
@galleryHasMedia8,en,title,No translation for this title
@galleryHasMedia8,en,description,No translation for this text
@galleryHasMedia9,en,title,No translation for this title
@galleryHasMedia9,en,description,No translation for this text
@galleryHasMedia10,en,title,No translation for this title
@galleryHasMedia10,en,description,No translation for this text
@galleryHasMedia11,en,title,No translation for this title
@galleryHasMedia11,en,description,No translation for this text
@galleryHasMedia12,en,title,No translation for this title
@galleryHasMedia12,en,description,No translation for this text
@galleryHasMedia13,en,title,No translation for this title
@galleryHasMedia13,en,description,No translation for this text
@galleryHasMedia14,en,title,No translation for this title
@galleryHasMedia14,en,description,No translation for this text
@galleryHasMedia15,en,title,No translation for this title
@galleryHasMedia15,en,description,No translation for this text
@galleryHasMedia16,en,title,No translation for this title
@galleryHasMedia16,en,description,No translation for this text
@galleryHasMedia17,en,title,No translation for this title
@galleryHasMedia17,en,description,No translation for this text
@galleryHasMedia18,en,title,No translation for this title
@galleryHasMedia18,en,description,No translation for this text
@galleryHasMedia19,en,title,No translation for this title
@galleryHasMedia19,en,description,No translation for this text
@galleryHasMedia20,en,title,No translation for this title
@galleryHasMedia20,en,description,No translation for this text
@galleryHasMedia21,en,title,No translation for this title
@galleryHasMedia21,en,description,No translation for this text
@galleryHasMedia22,en,title,No translation for this title
@galleryHasMedia22,en,description,No translation for this text
@galleryHasMedia23,en,title,No translation for this title
@galleryHasMedia23,en,description,No translation for this text
@galleryHasMedia24,en,title,No translation for this title
@galleryHasMedia24,en,description,No translation for this text
@galleryHasMedia25,en,title,No translation for this title
@galleryHasMedia25,en,description,No translation for this text
@galleryHasMedia26,en,title,No translation for this title
@galleryHasMedia26,en,description,No translation for this text
@galleryHasMedia27,en,title,No translation for this title
@galleryHasMedia27,en,description,No translation for this text
@galleryHasMedia28,en,title,No translation for this title
@galleryHasMedia28,en,description,No translation for this text
@galleryHasMedia29,en,title,No translation for this title
@galleryHasMedia29,en,description,No translation for this text
@galleryHasMedia30,en,title,No translation for this title
@galleryHasMedia30,en,description,No translation for this text
@galleryHasMedia31,en,title,No translation for this title
@galleryHasMedia31,en,description,No translation for this text
@galleryHasMedia32,en,title,No translation for this title
@galleryHasMedia32,en,description,No translation for this text
@galleryHasMedia33,en,title,No translation for this title
@galleryHasMedia33,en,description,No translation for this text
@galleryHasMedia34,en,title,No translation for this title
@galleryHasMedia34,en,description,No translation for this text
@galleryHasMedia35,en,title,No translation for this title
@galleryHasMedia35,en,description,No translation for this text
@galleryHasMedia36,en,title,No translation for this title
@galleryHasMedia36,en,description,No translation for this text
@galleryHasMedia37,en,title,No translation for this title
@galleryHasMedia37,en,description,No translation for this text
@galleryHasMedia38,en,title,No translation for this title
@galleryHasMedia38,en,description,No translation for this text
@galleryHasMedia39,en,title,No translation for this title
@galleryHasMedia39,en,description,No translation for this text
@galleryHasMedia40,en,title,No translation for this title
@galleryHasMedia40,en,description,No translation for this text
@galleryHasMedia41,en,title,No translation for this title
@galleryHasMedia41,en,description,No translation for this text
@galleryHasMedia42,en,title,No translation for this title
@galleryHasMedia42,en,description,No translation for this text
@galleryHasMedia43,en,title,No translation for this title
@galleryHasMedia43,en,description,No translation for this text
@galleryHasMedia44,en,title,No translation for this title
@galleryHasMedia44,en,description,No translation for this text
@galleryHasMedia45,en,title,No translation for this title
@galleryHasMedia45,en,description,No translation for this text
@galleryHasMedia46,en,title,No translation for this title
@galleryHasMedia46,en,description,No translation for this text
@galleryHasMedia47,en,title,No translation for this title
@galleryHasMedia47,en,description,No translation for this text
@galleryHasMedia48,en,title,No translation for this title
@galleryHasMedia48,en,description,No translation for this text
@galleryHasMedia49,en,title,No translation for this title
@galleryHasMedia49,en,description,No translation for this text
@galleryHasMedia50,en,title,No translation for this title
@galleryHasMedia50,en,description,No translation for this text
@galleryHasMedia51,en,title,No translation for this title
@galleryHasMedia51,en,description,No translation for this text
@galleryHasMedia52,en,title,No translation for this title
@galleryHasMedia52,en,description,No translation for this text
@galleryHasMedia53,en,title,No translation for this title
@galleryHasMedia53,en,description,No translation for this text
@galleryHasMedia54,en,title,No translation for this title
@galleryHasMedia54,en,description,No translation for this text
@galleryHasMedia55,en,title,No translation for this title
@galleryHasMedia55,en,description,No translation for this text
@galleryHasMedia56,en,title,No translation for this title
@galleryHasMedia56,en,description,No translation for this text
@galleryHasMedia57,en,title,No translation for this title
@galleryHasMedia57,en,description,No translation for this text
@galleryHasMedia58,en,title,No translation for this title
@galleryHasMedia58,en,description,No translation for this text
@galleryHasMedia59,en,title,No translation for this title
@galleryHasMedia59,en,description,No translation for this text
@galleryHasMedia60,en,title,No translation for this title
@galleryHasMedia60,en,description,No translation for this text
@galleryHasMedia61,en,title,No translation for this title
@galleryHasMedia61,en,description,No translation for this text
@galleryHasMedia62,en,title,No translation for this title
@galleryHasMedia62,en,description,No translation for this text
@galleryHasMedia63,en,title,No translation for this title
@galleryHasMedia63,en,description,No translation for this text
@galleryHasMedia64,en,title,No translation for this title
@galleryHasMedia64,en,description,No translation for this text
@galleryHasMedia65,en,title,No translation for this title
@galleryHasMedia65,en,description,No translation for this text
@galleryHasMedia66,en,title,No translation for this title
@galleryHasMedia66,en,description,No translation for this text
@galleryHasMedia67,en,title,No translation for this title
@galleryHasMedia67,en,description,No translation for this text
@galleryHasMedia68,en,title,No translation for this title
@galleryHasMedia68,en,description,No translation for this text
@galleryHasMedia69,en,title,No translation for this title
@galleryHasMedia69,en,description,No translation for this text
@galleryHasMedia70,en,title,No translation for this title
@galleryHasMedia70,en,description,No translation for this text
@galleryHasMedia71,en,title,No translation for this title
@galleryHasMedia71,en,description,No translation for this text
@galleryHasMedia72,en,title,No translation for this title
@galleryHasMedia72,en,description,No translation for this text
@galleryHasMedia73,en,title,No translation for this title
@galleryHasMedia73,en,description,No translation for this text
@galleryHasMedia74,en,title,No translation for this title
@galleryHasMedia74,en,description,No translation for this text
@galleryHasMedia75,en,title,No translation for this title
@galleryHasMedia75,en,description,No translation for this text
@galleryHasMedia76,en,title,No translation for this title
@galleryHasMedia76,en,description,No translation for this text
@galleryHasMedia77,en,title,No translation for this title
@galleryHasMedia77,en,description,No translation for this text
@galleryHasMedia78,en,title,No translation for this title
@galleryHasMedia78,en,description,No translation for this text
@galleryHasMedia79,en,title,No translation for this title
@galleryHasMedia79,en,description,No translation for this text
@galleryHasMedia80,en,title,No translation for this title
@galleryHasMedia80,en,description,No translation for this text
@galleryHasMedia81,en,title,No translation for this title
@galleryHasMedia81,en,description,No translation for this text
@galleryHasMedia82,en,title,No translation for this title
@galleryHasMedia82,en,description,No translation for this text
@galleryHasMedia83,en,title,No translation for this title
@galleryHasMedia83,en,description,No translation for this text
@galleryHasMedia84,en,title,No translation for this title
@galleryHasMedia84,en,description,No translation for this text
@galleryHasMedia85,en,title,No translation for this title
@galleryHasMedia85,en,description,No translation for this text
@galleryHasMedia86,en,title,No translation for this title
@galleryHasMedia86,en,description,No translation for this text
@galleryHasMedia87,en,title,No translation for this title
@galleryHasMedia87,en,description,No translation for this text
@galleryHasMedia88,en,title,No translation for this title
@galleryHasMedia88,en,description,No translation for this text
@galleryHasMedia89,en,title,No translation for this title
@galleryHasMedia89,en,description,No translation for this text
@galleryHasMedia90,en,title,No translation for this title
@galleryHasMedia90,en,description,No translation for this text
@galleryHasMedia91,en,title,No translation for this title
@galleryHasMedia91,en,description,No translation for this text
@galleryHasMedia92,en,title,No translation for this title
@galleryHasMedia92,en,description,No translation for this text
@galleryHasMedia93,en,title,No translation for this title
@galleryHasMedia93,en,description,No translation for this text
@galleryHasMedia94,en,title,No translation for this title
@galleryHasMedia94,en,description,No translation for this text
@galleryHasMedia95,en,title,No translation for this title
@galleryHasMedia95,en,description,No translation for this text
@galleryHasMedia96,en,title,No translation for this title
@galleryHasMedia96,en,description,No translation for this text
@galleryHasMedia97,en,title,No translation for this title
@galleryHasMedia97,en,description,No translation for this text
@galleryHasMedia98,en,title,No translation for this title
@galleryHasMedia98,en,description,No translation for this text
@galleryHasMedia99,en,title,No translation for this title
@galleryHasMedia99,en,description,No translation for this text
@galleryHasMedia100,en,title,No translation for this title
@galleryHasMedia100,en,description,No translation for this text
